"simulation","statistic","p_value","asymptotic_statistic","asymptotic_p_value","score_stationarity","information_rank","covariance_rank","nu","loglik","elapsed_seconds","error"
1,20.2875342506839,0.2865,47.9420090752784,0.475204154668978,0.061433866361334,66,48,21.5125206193616,-33369.8942097046,35.675,NA
2,13.6596193777402,0.783,63.2149564558755,0.0694091474807576,0.0664128599086068,66,48,21.6960309275537,-33348.7119629635,32.964,NA
3,22.7988543858286,0.1645,63.4623864860171,0.0666497098899434,0.0557720629555944,66,48,16.9374414106335,-33480.6449115714,33.217,NA
4,20.0928199936451,0.282,61.8560983438351,0.0863075810559127,0.0579696821873083,66,48,19.0182201586073,-33436.8326943283,35.977,NA
5,21.5734705894625,0.231,80.3204131689723,0.00237624710949713,0.0541330477918275,66,48,21.3808012897555,-33282.0431412139,32.546,NA
6,22.614718298112,0.1845,44.5687229990085,0.614242333921749,0.0615218758443151,66,48,20.5932721194595,-33475.7347844141,29.2,NA
7,26.6920514296291,0.0535,80.8455510595809,0.00210802438423786,0.064704297423149,66,48,21.6254358128638,-33548.7156105662,27.455,NA
8,22.4217307091072,0.1835,51.76941230117,0.328970901844194,0.057243803998437,66,48,19.6328388228311,-33688.151774792,27.573,NA
9,19.2853025035909,0.3675,66.1729389370257,0.041996145884426,0.0578176090112039,66,48,21.9085949549415,-33556.6672377927,24.491,NA
10,16.0801345988575,0.576,51.9858808351729,0.321426336464382,0.0554792025310233,66,48,19.4182067656276,-33348.3009925447,24.913,NA
11,11.5854198964242,0.8875,40.1534125416454,0.782333251995049,0.053201528110993,66,48,18.5237275725067,-33724.4303904921,26.479,NA
12,20.6628413093742,0.2405,69.4123298805428,0.0232290383086271,0.0524293234560794,66,48,18.5435877257264,-33557.2651698362,24.46,NA
13,15.3392138670701,0.6385,50.4769827971465,0.375847416866999,0.0551961765129969,66,48,19.6685607411381,-33359.9123493591,26.196,NA
14,15.9853912596918,0.606,54.6044887436957,0.237990565457644,0.0539310569244931,66,48,19.2042379064335,-33030.5861438737,25.329,NA
15,27.3570905840433,0.058,80.7155686405571,0.00217162560312316,0.0515499249810458,66,48,17.5605749045216,-33533.4519091825,26.539,NA
16,7.98474564698009,0.9905,46.899489681748,0.517927150547693,0.0589281665193715,66,48,19.5523319920194,-33467.6994410634,25.786,NA
17,16.6382145020041,0.5515,62.0874233021504,0.0832138696505983,0.061134620875217,66,48,21.7453111801799,-33277.0459688492,22.924,NA
18,17.947769299338,0.447,59.5084602560012,0.123263524444838,0.0641332421873495,66,48,20.6430736855006,-33684.5049321154,22.95,NA
19,20.5766454602288,0.254,70.4765225573848,0.018949547247666,0.0542938132557101,66,48,19.3720782163958,-33470.6697094684,26.363,NA
20,17.0302373234965,0.522,54.5501394389642,0.239567980828066,0.0574818086322946,66,48,18.6348373875412,-33570.8591607444,23.392,NA
21,51.5748721115146,5e-04,92.659440268228,0.000115828343104366,0.0578382331832081,66,48,18.9443610532817,-33562.3928151518,22.922,NA
22,24.2290901138381,0.113,71.860231520061,0.0144482139213067,0.0583338657892779,66,48,19.8180190417403,-33323.4877144343,24.776,NA
23,18.8198042718304,0.3775,60.1924028471412,0.111404313712502,0.0530664012765158,66,48,19.2535962504654,-33229.3459516521,25.947,NA
24,23.3642590612669,0.1495,51.530282072228,0.337411640594492,0.0548685555670191,66,48,18.5591028626128,-33329.7935024652,22.803,NA
25,15.8312522276624,0.577,45.1878351033604,0.588767295113366,0.0594628957827647,66,48,20.3663630829618,-33165.0926811363,24.334,NA
26,17.238455786849,0.5385,43.3986267587549,0.661611630767054,0.0612972783084739,66,48,19.5046268547454,-33203.2355699221,25.41,NA
27,13.1779618409206,0.8185,34.74476842094,0.924002563572873,0.0609517358748556,66,48,18.6176771672259,-33422.4046585654,24.51,NA
28,15.3176211902254,0.65,44.4912586694806,0.617414321622876,0.0553316784920464,66,48,17.7608222750866,-33638.8853030987,24.915,NA
29,21.7249097536354,0.236,49.6309657706654,0.408063424906103,0.0512099591683,66,48,18.1568930973723,-33409.1153247646,24.399,NA
30,16.5724152993843,0.5335,62.0328429733778,0.0839355217631535,0.0623161947889825,66,48,20.2026685422879,-33369.1975768229,23.458,NA
31,22.4267290303797,0.1775,66.0112983206506,0.0432069277113048,0.0730793607139067,66,48,21.347678794481,-33446.536363351,22.618,NA
32,24.6620386330955,0.1045,56.4755616015438,0.187820214559988,0.052360812107281,66,48,18.7489662933369,-33543.7979525777,28.743,NA
33,29.1105336766469,0.031,53.7209410276179,0.264464031001193,0.0672170060924986,66,48,20.8382636998368,-33486.3565344802,34.163,NA
34,19.0047917600485,0.3825,64.5201988751211,0.0558669923862106,0.059634387031962,66,48,20.4990587414384,-33398.7226465438,35.016,NA
35,28.1061401012452,0.037,64.6749214693328,0.0544211042721296,0.0575943679805,66,48,19.4877066319119,-33924.570604189,38.812,NA
36,18.8662163750321,0.367,88.3008717750184,0.000352915817743773,0.070473453499403,66,48,21.6798780641113,-33353.1571769061,33.331,NA
37,18.8664300950495,0.3915,58.208989942826,0.148460786478824,0.0635457250288668,66,48,20.2491335378433,-33514.7862300087,28.534,NA
38,32.3942815079579,0.012,83.2520908750688,0.00120468380610526,0.0499515599943569,66,48,18.3875180395811,-33486.7263274472,33.283,NA
39,25.2127644266803,0.097,65.681258383868,0.0457729899091556,0.0614092976778498,66,48,20.300343126982,-33469.8269556679,29.761,NA
40,23.0053624211744,0.157,69.6121333454789,0.0223652149835279,0.0554736127566284,66,48,19.1687303292304,-33614.6105759608,30.192,NA
41,13.378212886532,0.788,49.3901400077859,0.4174271571431,0.0682493375258844,66,48,20.8830534752303,-33257.2984618358,25.057,NA
42,22.3044535455735,0.1755,63.5252812066253,0.0659630911416942,0.0599966021255945,66,48,18.6883469916725,-33356.837213274,23.433,NA
43,20.1078227931542,0.3075,71.6504622681014,0.0150615834032817,0.0625279350937129,66,48,20.3090125808791,-33318.0399704704,26.964,NA
44,30.5788556354466,0.0155,89.4877652040719,0.000261808780676942,0.0612599306298535,66,48,20.9331220170052,-33508.8704872946,26.329,NA
45,17.2385565028597,0.5145,50.2317112178708,0.385072447454573,0.0552589865705972,66,48,18.2349412629126,-33679.070781306,27.872,NA
46,14.1790181652822,0.744,66.1784469279429,0.0419554101823288,0.055780439023996,66,48,19.533849385502,-33501.4868394443,29.007,NA
47,18.6546611599178,0.4085,69.2653727302149,0.0238832346737858,0.0540918658972034,66,48,18.3568779926475,-33286.1647280581,27.739,NA
48,18.5251280583346,0.3945,65.2448920315425,0.0493662253975262,0.0502010520815008,66,48,17.8088870323811,-33512.9785194775,27.261,NA
49,22.8634744689327,0.184,56.3415587885709,0.191145830806126,0.0614691106535604,66,48,20.9997180043439,-33258.4087347335,24.658,NA
50,29.4798084143141,0.034,68.2767521291194,0.0287260654594773,0.0528756997435331,66,48,18.8710957905291,-33574.6531641816,26.129,NA
51,15.7122774370688,0.631,46.6083585090913,0.529955008138005,0.0669185851920953,66,48,21.4740776742227,-33213.5230595238,22.256,NA
52,23.0833031630872,0.1545,61.939276178266,0.0851845434409619,0.0539130569497794,66,48,20.002714462217,-33581.5874638361,26.843,NA
53,17.6553978194173,0.4795,56.4916483527685,0.187423744486654,0.061003781299053,66,48,22.8257168748183,-33288.7587582784,26.557,NA
54,26.247079483456,0.079,54.6231573948248,0.237450287902068,0.0639170719551859,66,48,20.0320606169265,-33395.2388266753,25.833,NA
55,30.834490576278,0.022,78.0349022923952,0.00396191233770918,0.0621279566367053,66,48,18.7957095546088,-33408.1432859211,24.028,NA
56,19.6003074581411,0.3195,55.6045888775807,0.210172525037235,0.0662030742734826,66,48,21.9705759817616,-33373.1732230368,25.092,NA
57,18.681808336366,0.418,67.2801298376485,0.0344658394042481,0.0635450705163295,66,48,19.2305638852274,-33475.7387566871,25.294,NA
58,16.4709935747928,0.5625,60.3917226444714,0.10812283295011,0.0568396667191407,66,48,18.7143582535878,-33454.6397189506,24.061,NA
59,13.8107906227965,0.76,45.0467060020145,0.59459090422265,0.0540774690011154,66,48,17.7645236962654,-33488.2835306273,23.765,NA
60,29.0408678897329,0.029,70.9506466225763,0.0172819583693677,0.0525291607520376,66,48,17.321212043724,-33435.3346750025,25.493,NA
61,17.9175492674151,0.4395,67.5451657571248,0.0328488862783237,0.0650974397582505,66,48,21.660868165969,-33408.6925376222,23.986,NA
62,13.2815791505809,0.79,34.2390241176715,0.93280146643185,0.0688302092692434,66,48,20.6396811115502,-33218.2592560281,21.146,NA
63,21.3729440622781,0.24,75.0945371516527,0.00745832474119582,0.0523866997784372,66,48,18.2867844587998,-33526.2400275836,25.169,NA
64,25.4404940504531,0.089,61.1709085221861,0.0960241533742174,0.0561193340620788,66,48,17.4453957882819,-33596.5381791878,24.518,NA
65,13.6309165695205,0.768,47.3065998512859,0.501166251853667,0.0538124075729484,66,48,18.4719324517362,-33660.9406434811,25.133,NA
66,9.80472677122163,0.954,46.0259134765523,0.554076025647074,0.0630246276357345,66,48,19.304224067258,-33284.9845373181,23.3819999999999,NA
67,27.429613155234,0.0565,61.0406547268335,0.0979673643742253,0.0532412575855164,66,48,18.6230923710223,-33677.4199153049,26.73,NA
68,26.1873394333429,0.0815,61.9683827891022,0.0847943841719757,0.057325583420606,66,48,19.2539149575276,-33277.2332408423,23.369,NA
69,21.1828094658121,0.252,61.7920848670695,0.0871800601968982,0.0638915483015287,66,48,20.3899781413008,-33451.2805971215,23.243,NA
70,18.0301673539793,0.449,47.733571315224,0.483689037164231,0.0569192077783441,66,48,19.9103361656566,-33644.1599462606,26.884,NA
71,23.5402934551406,0.1345,71.7439905291595,0.0147852507626059,0.0616027288227323,66,48,19.661533705145,-33350.0260332459,24.105,NA
72,23.5380873719193,0.1485,71.6051589221324,0.015197106741555,0.0560532123813328,66,48,18.2962092900674,-33199.4744865059,24.297,NA
73,19.9205289023185,0.2995,94.0693038071328,7.99749270492008e-05,0.0682721253679623,66,48,21.1514425948398,-33355.7688507149,23.883,NA
74,24.3475616355128,0.11,53.518705492768,0.27076965362098,0.0582125796545293,66,48,19.1121079046748,-33539.1003993527,24.666,NA
75,20.6699778059121,0.251,53.6108283086705,0.267886066252215,0.0648818063215526,66,48,20.0513838834054,-33453.6535366253,23.714,NA
76,21.0737279285781,0.2425,52.5143991331193,0.303402011713229,0.0607807862707682,66,48,18.7520495064191,-33387.112906833,21.556,NA
77,15.2447972478804,0.6485,43.9020998031537,0.6413872730396,0.0643802709714124,66,48,19.6925343910027,-33740.0571673564,22.212,NA
78,33.5058108207856,0.011,66.6327190162697,0.0387113647633357,0.0642034314563783,66,48,20.9656407149271,-33235.8159620362,21.7520000000001,NA
79,16.3367264094561,0.5585,64.6241657085963,0.0548918727388443,0.0607294460221022,66,48,21.1549567517349,-33354.7336792992,22.775,NA
80,19.4852072723424,0.386,64.8134557327829,0.0531536142412881,0.0653731034296253,66,48,21.3137872689675,-33476.0261965474,23.6130000000001,NA
81,15.3730261966659,0.653,55.2732210210552,0.219134982951138,0.0540295628286556,66,48,20.544636682585,-33231.3947766077,24.299,NA
82,24.9637806824232,0.1105,68.4226807740557,0.0279605979213078,0.0632565629679282,66,48,20.5269571431236,-33556.333643317,20.979,NA
83,14.6805619796257,0.7395,50.4239699404686,0.377832990581772,0.0575560574788418,66,48,19.3721853289255,-33726.8329845519,24.444,NA
84,16.3205799268832,0.5445,50.9062294646302,0.359945236144735,0.0632850284795789,66,48,20.9822862623152,-33559.8266862525,22.126,NA
85,13.1153635749827,0.8025,37.7229758334948,0.856643847978872,0.0520291536809719,66,48,19.0845244712075,-33339.9409879397,27.283,NA
86,23.6762668424489,0.1555,55.1788900238318,0.221732551423446,0.0531072700051672,66,48,18.0853151428843,-33336.7169325683,25.394,NA
87,11.7954443869164,0.888,75.3568782620125,0.0070573993406946,0.0730418870365765,66,48,22.4500455344871,-33426.7461800106,23.51,NA
88,23.327074651044,0.149,98.0955536376944,2.70757412568036e-05,0.0565663722577985,66,48,18.2712563006696,-33447.3319135665,25.081,NA
89,14.1781862515934,0.7285,37.6049935770967,0.859822735068641,0.065137888057096,66,48,22.0668130790416,-33320.6732069482,23.461,NA
90,13.5487434316602,0.7665,58.8928449253186,0.134755278484897,0.0602696404034159,66,48,22.9016367010563,-33311.7147077088,25.476,NA
91,18.7441693564331,0.382,60.1462951260951,0.112174478553728,0.0739886168163979,66,48,22.2921712473856,-33414.6878270493,23.805,NA
92,13.7081280240173,0.784,41.0026077138488,0.752756300780678,0.0641436325916978,66,48,21.5564722115237,-33406.2685367902,25.399,NA
93,21.2999507023601,0.2215,58.1880502584871,0.148896381014407,0.0631993900455659,66,48,21.4720360358212,-33313.2171713797,24.332,NA
94,19.1815245955919,0.3755,52.5660091573258,0.301672714903856,0.0624804715165045,66,48,18.5628915110938,-33568.5110806055,26.6420000000001,NA
95,17.0264800807887,0.488,60.4132258932079,0.107773436930244,0.0539943866633225,66,48,16.7662598072548,-33502.3983252712,28.537,NA
96,19.1909510733583,0.3325,39.5012058845582,0.803854994384347,0.0695575097918538,66,48,19.7842084261862,-33777.3589023996,23.978,NA
97,14.4507905885788,0.704,46.0834073799725,0.55169339446839,0.0593384641404537,66,48,19.6081574834315,-33467.9136206995,26.992,NA
98,15.2844753213635,0.647,38.2443545424176,0.842102816339851,0.0561173883272155,66,48,18.3978409467411,-33685.8879167344,26.559,NA
99,24.2812411931149,0.1285,62.6348086023074,0.0762537779679112,0.0521247019221171,66,48,17.7646462159356,-33403.1710358513,25.7950000000001,NA
100,16.9337043626039,0.5395,46.488834170097,0.534900296081739,0.0572910784111579,66,48,19.087836267083,-33434.2956805291,23.0360000000001,NA
